residue,chain,center,volume,nearby_residues,hydrophobicity
ACT,A,"(11.619500000000002, 106.383875, 49.034625000000005)",222.13029401999967,"{('LEU', 'A'), ('GLN', 'A'), ('ASP', 'A'), ('ARG', 'A'), ('TYR', 'A'), ('ASN', 'A')}",7
ACT,B,"(5.057875, 55.675875000000005, 34.321375)",412.20591088599997,"{('LEU', 'B'), ('GLN', 'B'), ('ASP', 'B'), ('ARG', 'B'), ('THR', 'B'), ('TYR', 'B'), ('ASN', 'B')}",7
ATP,A,"(-32.316419354838715, 91.7005806451613, 64.63722580645161)",549.5080492650003,"{('HIS', 'A'), ('ASP', 'A')}",0
ATP,B,"(47.65616129032258, 60.00283870967742, 58.040580645161285)",336.14558249999993,"{('HIS', 'B'), ('ASP', 'B')}",0
CA,A,"(-25.775, 110.984, 52.35)",0.0,"{('GLY', 'A'), ('GLU', 'A'), ('LYS', 'A')}",0
CA,B,"(42.829, 49.976, 37.022)",0.0,"{('GLY', 'B'), ('GLU', 'B'), ('LYS', 'B')}",0
MG,A,"(-30.147, 90.789, 61.44)",0.0,"{('HIS', 'A'), ('ASP', 'A')}",0
MG,B,"(29.551499999999997, 72.6805, 37.589)",23596.29598410001,"{('LEU', 'B'), ('VAL', 'B'), ('SER', 'B'), ('ILE', 'B'), ('ARG', 'B'), ('TYR', 'B')}",10
PT1,A,"(4.127, 103.66491304347826, 33.82191304347827)",262.6938797999995,"{('LEU', 'A'), ('LYS', 'A'), ('SER', 'A'), ('ARG', 'A'), ('PHE', 'A')}",5
PT1,B,"(13.247434782608694, 66.03121739130437, 23.439608695652172)",214.97990572999993,"{('LEU', 'B'), ('LYS', 'B'), ('SER', 'B'), ('ARG', 'B'), ('PHE', 'B')}",6
